Index,District,Ward,Street Name 1,Street name 2,Street Name 3,Street Name 4,Longitude,Latitude,Traffic Level
010101,Ba Đình,Phúc Xá,An Xá,Nghĩa Dũng,,,21.046224,105.849289,1
010102,Ba Đình,Phúc Xá,An Xá,Tân Mỹ,,,21.042412,105.852127,1
010103,Ba Đình,Phúc Xá,An Xá,Phúc Xá,,,21.046067,105.849022,1
011901,Ba Đình,Điện Biên,Bà Huyện Thanh Quan,Chùa Một Cột,,,21.034974,105.835874,1
011902,Ba Đình,Điện Biên,Bà Huyện Thanh Quan,Lê Hồng Phong,,,21.033849,105.835607,2
011903,Ba Đình,Điện Biên,Bắc Sơn,Hoàng Diệu,,,21.035962,105.839265,1
011904,Ba Đình,Điện Biên,Bắc Sơn,Tôn Thất Đàm,,,21.035980,105.838074,1
011905,Ba Đình,Điện Biên,Bắc Sơn,Độc Lập,,,21.036582,105.836578,1
011601,Ba Đình,Ngọc Hà,Bắc Sơn,Ngọc Hà,,,21.037553,105.831080,1
010701,Ba Đình,Cống Vị,Bưởi,Đội Cấn,,,21.037688,105.807348,3
010702,Ba Đình,Cống Vị,Bưởi,Phan Kế Bính,,,21.036802,105.806949,2
012503,Ba Đình,Ngọc Khánh,Bưởi,Đào Tấn,,,21.034335,105.805245,3
012504,Ba Đình,Ngọc Khánh,Bưởi,Cầu Giấy,Láng ,,21.029744,105.802636,3
010601,Ba Đình,Vĩnh Phúc,Bưởi,Hoàng Hoa Thám,,,21.047508,105.806128,3
011906,Ba Đình,Điện Biên,Cao Bá Quát,Hoàng Diệu,,,21.030388,105.838591,2
011907,Ba Đình,Điện Biên,Cao Bá Quát,Lê Duẩn,,,21.029578,105.841557,2
011908,Ba Đình,Điện Biên,Cao Bá Quát,Nguyễn Thái Học,Văn Miếu,,21.030178,105.836997,2
012505,Ba Đình,Ngọc Khánh,Cầu Giấy,Bưởi,Láng,,21.029744,105.802636,3
012506,Ba Đình,Ngọc Khánh,Cầu Giấy,Kim Mã,,,21.028600,105.805231,2
012507,Ba Đình,Ngọc Khánh,Cầu Giấy,Đê La Thành,,,21.028430,105.805509,2
011301,Ba Đình,Quán Thánh,Châu Long,Quán Thánh,,,21.042534,105.841838,1
010401,Ba Đình,Trúc Bạch,Châu Long,Nguyễn Trường Tộ,,,21.043551,105.842065,1
010402,Ba Đình,Trúc Bạch,Châu Long,Phạm Hồng Thái,,,21.044600,105.842343,1
010403,Ba Đình,Trúc Bạch,Châu Long,Trúc Bạch,,,21.044883,105.842370,1
010404,Ba Đình,Trúc Bạch,Châu Long,Phó Đức Chính,Ngũ Xã,,21.046469,105.842768,1
011909,Ba Đình,Điện Biên,Chu Văn An,Điện Biên Phủ,Tôn Thất Đàm,Chùa Một Cột,21.034975,105.836843,2
011910,Ba Đình,Điện Biên,Chu Văn An,Lê Hồng Phong,,,21.033652,105.836641,2
011911,Ba Đình,Điện Biên,Chu Văn An,Trần Phú,,,21.031582,105.836236,3
011912,Ba Đình,Điện Biên,Chu Văn An,Nguyễn Thái Học,Tôn Đức Thắng,,21.030390,105.836007,3
011913,Ba Đình,Điện Biên,Chùa Một Cột,Bà Huyện Thanh Quan,,,21.034974,105.835874,1
011914,Ba Đình,Điện Biên,Chùa Một Cột,Ông Ích Khiêm,,,21.035370,105.833888,1
011915,Ba Đình,Điện Biên,Chùa Một Cột,Hùng Vương,,,21.035173,105.834841,1
011916,Ba Đình,Điện Biên,Chùa Một Cột,Chu Văn An,Điện Biên Phủ,Tôn Thất Đàm,21.034975,105.836843,1
011302,Ba Đình,Quán Thánh,Cửa Bắc,Phan Đình Phùng,Nguyễn Tri Phương,,21.040651,105.842084,2
011303,Ba Đình,Quán Thánh,Cửa Bắc,Quán Thánh,,,21.042374,105.842550,2
010405,Ba Đình,Trúc Bạch,Cửa Bắc,Nguyễn Trường Tộ,,,21.043368,105.842776,2
010406,Ba Đình,Trúc Bạch,Cửa Bắc,Phạm Hồng Thái,,,21.044372,105.843060,2
010407,Ba Đình,Trúc Bạch,Cửa Bắc,Yên Phụ,,,21.046691,105.843725,2
010408,Ba Đình,Trúc Bạch,Cửa Bắc,Phó Đức Chính,Nguyễn Khắc Nhu,,21.045600,105.843339,3
011304,Ba Đình,Quán Thánh,Đặng Dung,Quán Thánh,,,21.042619,105.841353,1
011305,Ba Đình,Quán Thánh,Đặng Dung,Phan Đình Phùng,,,21.040868,105.841038,1
010409,Ba Đình,Trúc Bạch,Đặng Dung,Trấn Vũ,Nguyễn Trường Tộ,,21.043679,105.841567,1
011306,Ba Đình,Quán Thánh,Đặng Tất,Quán Thánh,,,21.042740,105.838036,1
011307,Ba Đình,Quán Thánh,Đặng Tất,Phan Đình Phùng,Nguyễn Cảnh Chân,,21.041394,105.837999,1
010703,Ba Đình,Cống Vị,Đào Tấn,Linh Lang,,,21.032382,105.809576,3
010704,Ba Đình,Cống Vị,Đào Tấn,Nguyễn Văn Ngọc,,,21.032034,105.810837,2
012508,Ba Đình,Ngọc Khánh,Đào Tấn,Bưởi,,,21.034335,105.805245,3
012509,Ba Đình,Ngọc Khánh,Đào Tấn,Liễu Giai,,,21.031362,105.813106,2
012510,Ba Đình,Ngọc Khánh,Đào Tấn,Kim Mã,,,21.030593,105.815841,3
013101,Ba Đình,Giảng Võ,Đê La Thành,Giảng Võ,Láng Hạ,,21.023419,105.819744,3
012511,Ba Đình,Ngọc Khánh,Đê La Thành,Kim Mã,,,21.028637,105.805821,2
012512,Ba Đình,Ngọc Khánh,Đê La Thành,Cầu Giấy,,,21.028430,105.805509,2
012513,Ba Đình,Ngọc Khánh,Đê La Thành,Nguyễn Chí Thanh,,,21.025028,105.811353,3
013401,Ba Đình,Thành Công,Đê La Thành,Nguyên Hồng,,,21.024753,105.811542,3
013402,Ba Đình,Thành Công,Đê La Thành,Thành Công,,,21.023892,105.816397,3
011917,Ba Đình,Điện Biên,Điện Biên Phủ,Nguyễn Thái Học,,,21.028378,105.843114,2
011918,Ba Đình,Điện Biên,Điện Biên Phủ,Tôn Thất Thiệp,,,21.029268,105.842539,3
011919,Ba Đình,Điện Biên,Điện Biên Phủ,Lê Duẩn,,,21.029943,105.841645,3
011920,Ba Đình,Điện Biên,Điện Biên Phủ,Trần Phú,,,21.030650,105.841138,3
011921,Ba Đình,Điện Biên,Điện Biên Phủ,Hoàng Diệu,,,21.032876,105.838927,2
011922,Ba Đình,Điện Biên,Điện Biên Phủ,Nguyễn Tri Phương,,,21.031355,105.840417,2
011923,Ba Đình,Điện Biên,Điện Biên Phủ,Lê Hồng Phong,,,21.033316,105.838517,3
011924,Ba Đình,Điện Biên,Điện Biên Phủ,Tôn Thất Đàm,Chùa Một Cột,Chu Văn An,21.035044,105.836998,2
011925,Ba Đình,Điện Biên,Điện Biên Phủ,Độc Lập,,,21.035568,105.836341,1
011926,Ba Đình,Điện Biên,Độc Lập,Điện Biên Phủ,,,21.035568,105.836341,1
011927,Ba Đình,Điện Biên,Độc Lập,Bắc Sơn,,,21.036582,105.836578,1
011928,Ba Đình,Điện Biên,Độc Lập,Hoàng Văn Thụ,,,21.038832,105.837030,2
010705,Ba Đình,Cống Vị,Đốc Ngữ,Đội Cấn,,,21.037977,105.813382,3
010801,Ba Đình,Liễu Giai,Đốc Ngữ,Quần Ngựa,,,21.041481,105.814010,2
010602,Ba Đình,Vĩnh Phúc,Đốc Ngữ,Hoàng Hoa Thám,,,21.042975,105.814621,2
010603,Ba Đình,Vĩnh Phúc,Đốc Ngữ,Đội Nhân,,,21.040893,105.812948,2
010706,Ba Đình,Cống Vị,Đội Cấn,Bưởi,,,21.037688,105.807348,3
010707,Ba Đình,Cống Vị,Đội Cấn,Linh Lang,,,21.037806,105.810512,3
012201,Ba Đình,Đội Cấn,Đội Cấn,Lê Hồng Phong,Ngọc Hà,,21.034370,105.831691,3
012202,Ba Đình,Đội Cấn,Đội Cấn,Giang Văn Minh,,,21.034687,105.827152,2
010802,Ba Đình,Liễu Giai,Đội Cấn,Vạn Bảo,,,21.035549,105.817837,3
010803,Ba Đình,Liễu Giai,Đội Cấn,Liễu Giai,,,21.037077,105.815192,3
010804,Ba Đình,Liễu Giai,Đội Cấn,Văn Cao,,,21.037339,105.814822,3
010604,Ba Đình,Vĩnh Phúc,Đội Cấn,Đốc Ngữ,,,21.037977,105.813382,3
010708,Ba Đình,Cống Vị,Đội Nhân,Đốc Ngữ,,,21.040893,105.812948,2
012203,Ba Đình,Đội Cấn,Giang Văn Minh,Đội Cấn,,,21.034687,105.827152,2
012801,Ba Đình,Kim Mã,Giang Văn Minh,Kim Mã,,,21.032177,105.826983,2
012802,Ba Đình,Kim Mã,Giang Văn Minh,Giảng Võ,Cát Linh ,Hào Nam,21.029649,105.827205,3
013102,Ba Đình,Giảng Võ,Giảng Võ,Đê La Thành,Láng Hạ,,21.023419,105.819744,3
013103,Ba Đình,Giảng Võ,Giảng Võ,Trần Huy Liệu,,,21.026442,105.823026,2
013104,Ba Đình,Giảng Võ,Giảng Võ,Núi Trúc,,,21.027896,105.824722,2
013105,Ba Đình,Giảng Võ,Giảng Võ,Vũ Thạnh,,,21.027602,105.824846,2
013106,Ba Đình,Giảng Võ,Giảng Võ,Ngọc Khánh,,,21.023902,105.820050,2
012803,Ba Đình,Kim Mã,Giảng Võ,Giang Văn Minh,Cát Linh ,Hào Nam,21.029649,105.827205,3
012804,Ba Đình,Kim Mã,Giảng Võ,Nguyễn Thái Học,,,21.032083,105.829951,2
011001,Ba Đình,Nguyễn Trung Trực,Hàng Bún,Nguyễn Trường Tộ,,,21.042312,105.845221,2
011002,Ba Đình,Nguyễn Trung Trực,Hàng Bún,Phạm Hồng Thái,,,21.043400,105.845619,2
011003,Ba Đình,Nguyễn Trung Trực,Hàng Bún,Nguyễn Khắc Nhu,,,21.043911,105.845771,2
011004,Ba Đình,Nguyễn Trung Trực,Hàng Bún,Phó Đức Chính,,,21.044425,105.845964,2
011005,Ba Đình,Nguyễn Trung Trực,Hàng Bún,Yên Phụ,,,21.044674,105.845961,2
011308,Ba Đình,Quán Thánh,Hàng Bún,Phan Đình Phùng,,,21.040331,105.843836,2
011309,Ba Đình,Quán Thánh,Hàng Bún,Quán Thánh,,,21.041229,105.844596,2
011310,Ba Đình,Quán Thánh,Hàng Cót,Quán Thánh,,,21.040270,105.847122,3
011311,Ba Đình,Quán Thánh,Hàng Cót,Phan Đình Phùng,Hàng Đậu,,21.039903,105.847135,3
011006,Ba Đình,Nguyễn Trung Trực,Hàng Đậu,Hàng Than,,,21.040055,105.847757,2
011007,Ba Đình,Nguyễn Trung Trực,Hàng Đậu,Hồng Phúc,,,21.040326,105.848554,1
011008,Ba Đình,Nguyễn Trung Trực,Hàng Đậu,Nguyễn Thiếp,,,21.040470,105.849210,1
011009,Ba Đình,Nguyễn Trung Trực,Hàng Đậu,Yên Phụ,Trần Nhật Duật,,21.040731,105.849865,2
011312,Ba Đình,Quán Thánh,Hàng Đậu,Phan Đình Phùng,Hàng Cót,,21.039903,105.847135,3
011010,Ba Đình,Nguyễn Trung Trực,Hàng Than,Hàng Đậu,,,21.040055,105.847757,2
011011,Ba Đình,Nguyễn Trung Trực,Hàng Than,Nguyễn Trung Trực,,,21.040904,105.847502,1
011012,Ba Đình,Nguyễn Trung Trực,Hàng Than,Hòe Nhai,Nguyễn Trường Tộ,,21.041930,105.847217,2
011013,Ba Đình,Nguyễn Trung Trực,Hàng Than,Nguyễn Khắc Nhu,Phạm Hồng Thái,,21.043212,105.847124,2
011014,Ba Đình,Nguyễn Trung Trực,Hàng Than,Yên Phụ,,,21.043650,105.847180,3
011015,Ba Đình,Nguyễn Trung Trực,Hàng Than,Phó Đức Chính,,,21.043623,105.847082,2
011313,Ba Đình,Quán Thánh,Hàng Than,Quán Thánh,,,21.040351,105.847608,1
011928,Ba Đình,Điện Biên,Hoàng Diệu,Bắc Sơn,,,21.035962,105.839265,1
011929,Ba Đình,Điện Biên,Hoàng Diệu,Cao Bá Quát,,,21.030388,105.838591,2
011930,Ba Đình,Điện Biên,Hoàng Diệu,Nguyễn Thái Học,,,21.029821,105.838432,2
011931,Ba Đình,Điện Biên,Hoàng Diệu,Trần Phú,,,21.031150,105.838655,2
011932,Ba Đình,Điện Biên,Hoàng Diệu,Lê Hồng Phong,,,21.033289,105.838847,2
011314,Ba Đình,Quán Thánh,Hoàng Diệu,Hoàng Văn Thụ,,,21.038477,105.839556,2
011315,Ba Đình,Quán Thánh,Hoàng Diệu,Phan Đình Phùng,Nguyễn Biểu,,21.040972,105.840052,2
011316,Ba Đình,Quán Thánh,Hoàng Diệu,Điện Biên Phủ,,,21.032876,105.838927,2
010805,Ba Đình,Liễu Giai,Hoàng Hoa Thám,Văn Cao,,,21.042339,105.816603,2
011602,Ba Đình,Ngọc Hà,Hoàng Hoa Thám,Phan Đình Phùng,Mai Xuân Thưởng,,21.041846,105.835080,3
011603,Ba Đình,Ngọc Hà,Hoàng Hoa Thám,Ngọc Hà,Dốc La Pho,,21.039571,105.828618,2
011604,Ba Đình,Ngọc Hà,Hoàng Hoa Thám,Dốc Tam Đa,,,21.042142,105.818696,2
010605,Ba Đình,Vĩnh Phúc,Hoàng Hoa Thám,Vĩnh Phúc,,,21.045894,105.811302,2
010606,Ba Đình,Vĩnh Phúc,Hoàng Hoa Thám,Đốc Ngữ,,,21.042975,105.814621,2
010607,Ba Đình,Vĩnh Phúc,Hoàng Hoa Thám,Bưởi,,,21.047508,105.806128,3
011933,Ba Đình,Điện Biên,Hoàng Văn Thụ,Độc Lập,,,21.038832,105.837030,2
011934,Ba Đình,Điện Biên,Hoàng Văn Thụ,Hùng Vương,,,21.039088,105.835663,1
011316,Ba Đình,Quán Thánh,Hoàng Văn Thụ,Hoàng Diệu,,,21.038477,105.839556,2
011317,Ba Đình,Quán Thánh,Hoàng Văn Thụ,Nguyễn Cảnh Chân,,,21.038814,105.837502,1
011016,Ba Đình,Nguyễn Trung Trực,Hòe Nhai,Hàng Than,Nguyễn Trường Tộ,,21.041930,105.847217,2
011017,Ba Đình,Nguyễn Trung Trực,Hòe Nhai,Yên Phụ,,,21.042379,105.848202,2
011018,Ba Đình,Nguyễn Trung Trực,Hòe Nhai,Hồng Phúc,,,21.042130,105.847780,2
011318,Ba Đình,Quán Thánh,Hòe Nhai,Phan Đình Phùng,,,21.040059,105.845352,3
011319,Ba Đình,Quán Thánh,Hòe Nhai,Quán Thánh,,,21.040513,105.845573,2
010104,Ba Đình,Phúc Xá,Hồng Hà,Tân Ấp,Yên Phụ,,21.045337,105.845777,2
011019,Ba Đình,Nguyễn Trung Trực,Hồng Phúc,Hòe Nhai,,,21.042130,105.847780,2
011020,Ba Đình,Nguyễn Trung Trực,Hồng Phúc,Hàng Đậu,,,21.040326,105.848554,1
011021,Ba Đình,Nguyễn Trung Trực,Hồng Phúc,Nguyễn Trung Trực,,,21.041098,105.848288,1
011935,Ba Đình,Điện Biên,Hùng Vương,Chùa Một Cột,,,21.035173,105.834841,1
011936,Ba Đình,Điện Biên,Hùng Vương,Hoàng Văn Thụ,,,21.039088,105.835663,1
011937,Ba Đình,Điện Biên,Hùng Vương,Quán Thánh,Thụy Khuê,,21.042687,105.836402,3
011938,Ba Đình,Điện Biên,Hùng Vương,Lê Hồng Phong,,,21.034033,105.834579,1
011939,Ba Đình,Điện Biên,Hùng Vương,Trần Phú,,,21.032001,105.834192,3
011940,Ba Đình,Điện Biên,Hùng Vương,Nguyễn Thái Học,Hàng Cháo,,21.031024,105.834034,2
011941,Ba Đình,Điện Biên,Hùng Vương,Phan Đình Phùng,,,21.041652,105.836199,2
013403,Ba Đình,Thành Công,Huỳnh Thúc Kháng,Nguyên Hồng,,,21.018159,105.811810,3
013404,Ba Đình,Thành Công,Huỳnh Thúc Kháng,Nguyễn Chí Thanh,,,21.019851,105.808448,3
013405,Ba Đình,Thành Công,Huỳnh Thúc Kháng,Láng Hạ,Thái Hà,,21.016867,105.814942,3
011942,Ba Đình,Điện Biên,Khúc Hạo,Lê Hồng Phong,,,21.033453,105.837538,1
011943,Ba Đình,Điện Biên,Khúc Hạo,Trần Phú,,,21.031483,105.837094,1
013107,Ba Đình,Giảng Võ,Kim Mã,Núi Trúc,,,21.031178,105.821698,3
013108,Ba Đình,Giảng Võ,Kim Mã,Trần Huy Liệu,,,21.030810,105.819652,2
013109,Ba Đình,Giảng Võ,Kim Mã,Ngọc Khánh,,,21.030448,105.817250,1
012805,Ba Đình,Kim Mã,Kim Mã,Giang Văn Minh,,,21.032177,105.826983,2
012806,Ba Đình,Kim Mã,Kim Mã,Sơn Tây,,,21.032481,105.828686,2
012807,Ba Đình,Kim Mã,Kim Mã,Nguyễn Thái Học,,,21.032391,105.828713,2
012808,Ba Đình,Kim Mã,Kim Mã,Vạn Bảo,,,21.030753,105.817272,3
012514,Ba Đình,Ngọc Khánh,Kim Mã,Cầu Giấy,,,21.028600,105.805231,2
012515,Ba Đình,Ngọc Khánh,Kim Mã,Đào Tấn,,,21.030593,105.815841,3
012516,Ba Đình,Ngọc Khánh,Kim Mã,Đê La Thành,,,21.028637,105.805821,2
012517,Ba Đình,Ngọc Khánh,Kim Mã,Nguyễn Văn Ngọc,,,21.029941,105.810589,2
012518,Ba Đình,Ngọc Khánh,Kim Mã,Nguyễn Chí Thanh,Liễu Giai,,21.030350,105.813100,3
010709,Ba Đình,Cống Vị,Kim Mã Thượng,Linh Lang,,,21.036139,105.810572,3
010710,Ba Đình,Cống Vị,Kim Mã Thượng,Liễu Giai,,,21.035724,105.814386,3
010410,Ba Đình,Trúc Bạch,Lạc Chính,Trấn Vũ,Nam Tràng,,21.047146,105.841124,1
010411,Ba Đình,Trúc Bạch,Lạc Chính,Trần Tế Xương,,,21.045481,105.841366,1
010412,Ba Đình,Trúc Bạch,Lạc Chính,Mạc Đĩnh Chi,,,21.046711,105.841327,1
010413,Ba Đình,Trúc Bạch,Lạc Chính,Ngũ Xã,,,21.046202,105.841482,1
013110,Ba Đình,Giảng Võ,Láng Hạ,Giảng Võ ,Đê La Thành,,21.023419,105.819744,3
013406,Ba Đình,Thành Công,Láng Hạ,Thành Công,,,21.019630,105.816936,2
013407,Ba Đình,Thành Công,Láng Hạ,Huỳnh Thúc Kháng,Thái Hà,,21.016867,105.814942,3
011944,Ba Đình,Điện Biên,Lê Duẩn,Nguyễn Thái Học,,,21.028851,105.841527,3
011945,Ba Đình,Điện Biên,Lê Duẩn,Cao Bá Quát,,,21.029578,105.841557,2
011946,Ba Đình,Điện Biên,Lê Duẩn,Điện Biên Phủ,,,21.029943,105.841645,3
011947,Ba Đình,Điện Biên,Lê Hồng Phong,Bà Huyện Thanh Quan,,,21.033849,105.835607,2
011948,Ba Đình,Điện Biên,Lê Hồng Phong,Chu Văn An,,,21.033652,105.836641,2
011949,Ba Đình,Điện Biên,Lê Hồng Phong,Điện Biên Phủ,,,21.033316,105.838517,3
011950,Ba Đình,Điện Biên,Lê Hồng Phong,Hùng Vương,,,21.034033,105.834579,1
011951,Ba Đình,Điện Biên,Lê Hồng Phong,Hoàng Diệu,,,21.033289,105.838847,2
011952,Ba Đình,Điện Biên,Lê Hồng Phong,Khúc Hạo,,,21.033453,105.837538,1
011953,Ba Đình,Điện Biên,Lê Hồng Phong,Ông Ích Khiêm,,,21.034259,105.833617,2
011954,Ba Đình,Điện Biên,Lê Hồng Phong,Đội Cấn,Ngọc Hà,,21.034370,105.831691,3
011955,Ba Đình,Điện Biên,Lê Trực,Ông Ích Khiêm,Trần Phú,,21.032189,105.833159,3
011956,Ba Đình,Điện Biên,Lê Trực,Sơn Tây,,,21.032900,105.832902,1
011957,Ba Đình,Điện Biên,Lê Trực,Nguyễn Thái Học,Trịnh Hoài Đức,,21.031364,105.832742,2
010711,Ba Đình,Cống Vị,Liễu Giai,Đào Tấn,,,21.031362,105.813106,2
010806,Ba Đình,Liễu Giai,Liễu Giai,Đội Cấn,,,21.037077,105.815192,3
010807,Ba Đình,Liễu Giai,Liễu Giai,Kim Mã Thượng,,,21.035724,105.814386,3
010808,Ba Đình,Liễu Giai,Liễu Giai,Phan Kế Bính,Vạn Phúc,,21.033896,105.814029,3
012519,Ba Đình,Ngọc Khánh,Liễu Giai,Nguyễn Chí Thanh,Kim Mã,,21.030350,105.813100,3
010712,Ba Đình,Cống Vị,Linh Lang,Đào Tấn,,,21.032382,105.809576,3
010713,Ba Đình,Cống Vị,Linh Lang,Đội Cấn,,,21.037806,105.810512,3
010714,Ba Đình,Cống Vị,Linh Lang,Kim Mã Thượng,,,21.036139,105.810572,3
010715,Ba Đình,Cống Vị,Linh Lang,Phan Kế Bính,,,21.034866,105.810359,3
010414,Ba Đình,Trúc Bạch,Mạc Đĩnh Chi,Nguyễn Khắc Hiếu,,,21.046557,105.840834,1
010415,Ba Đình,Trúc Bạch,Mạc Đĩnh Chi,Lạc Chính,,,21.046711,105.841327,1
010416,Ba Đình,Trúc Bạch,Mạc Đĩnh Chi,Nam Tràng,,,21.046387,105.840311,1
013111,Ba Đình,Giảng Võ,Nam Cao,Núi Trúc,,,21.030223,105.822449,2
013112,Ba Đình,Giảng Võ,Nam Cao,Trần Huy Liệu,,,21.029143,105.821159,2
010417,Ba Đình,Trúc Bạch,Nam Tràng,Trần Tế Xương,,,21.045312,105.840634,1
010418,Ba Đình,Trúc Bạch,Nam Tràng,Ngũ Xã,,,21.045883,105.840317,1
010419,Ba Đình,Trúc Bạch,Nam Tràng,Mạc Đĩnh Chi,,,21.046387,105.840311,1
010420,Ba Đình,Trúc Bạch,Nam Tràng,Trấn Vũ,Lạc Chính,,21.047146,105.841124,1
010421,Ba Đình,Trúc Bạch,Nam Tràng,Nguyễn Khắc Hiếu,,,21.047028,105.840769,1
010105,Ba Đình,Phúc Xá,Nghĩa Dũng,Tân Ấp,,,21.047524,105.847588,1
010106,Ba Đình,Phúc Xá,Nghĩa Dũng,An Xá,,,21.046224,105.849289,1
012204,Ba Đình,Đội Cấn,Ngọc Hà,Đội Cấn,Lê Hồng Phong,,21.034370,105.831691,3
012809,Ba Đình,Kim Mã,Ngọc Hà,Thanh Bảo,Sơn Tây,,21.032961,105.831365,1
011605,Ba Đình,Ngọc Hà,Ngọc Hà,Bắc Sơn,,,21.037553,105.831080,1
011606,Ba Đình,Ngọc Hà,Ngọc Hà,Hoàng Hoa Thám,Dốc La Pho,,21.039571,105.828618,2
013113,Ba Đình,Giảng Võ,Ngọc Khánh,Giảng Võ,,,21.023902,105.820050,2
012520,Ba Đình,Ngọc Khánh,Ngọc Khánh,Nguyễn Công Hoan,,,21.027161,105.817733,2
012521,Ba Đình,Ngọc Khánh,Ngọc Khánh,Kim Mã,,,21.030448,105.817250,1
010422,Ba Đình,Trúc Bạch,Ngũ Xã,Lạc Chính,,,21.046202,105.841482,1
010423,Ba Đình,Trúc Bạch,Ngũ Xã,Trúc Bạch,,,21.046316,105.842074,1
010424,Ba Đình,Trúc Bạch,Ngũ Xã,Châu Long,Phó Đức Chính,,21.046469,105.842768,1
010425,Ba Đình,Trúc Bạch,Ngũ Xã,Nguyễn Khắc Hiếu,,,21.046041,105.840902,1
010426,Ba Đình,Trúc Bạch,Ngũ Xã,Nam Tràng,,,21.045883,105.840317,1
011320,Ba Đình,Quán Thánh,Nguyễn Biểu,Trấn Vũ,,,21.043315,105.840192,1
011321,Ba Đình,Quán Thánh,Nguyễn Biểu,Quán Thánh,,,21.042744,105.840150,2
011322,Ba Đình,Quán Thánh,Nguyễn Biểu,Phan Đình Phùng,Hoàng Diệu,,21.040972,105.840052,2
011323,Ba Đình,Quán Thánh,Nguyễn Cảnh Chân,Hoàng Văn Thụ,,,21.038814,105.837502,1
011324,Ba Đình,Quán Thánh,Nguyễn Cảnh Chân,Phan Đình Phùng,Đặng Tất,,21.041348,105.837986,1
012522,Ba Đình,Ngọc Khánh,Nguyễn Chí Thanh,Đê La Thành,,,21.025028,105.811353,3
012523,Ba Đình,Ngọc Khánh,Nguyễn Chí Thanh,Nguyên Hồng,,,21.025275,105.811511,3
012524,Ba Đình,Ngọc Khánh,Nguyễn Chí Thanh,Kim Mã,Liễu Giai,,21.030350,105.813100,3
012525,Ba Đình,Ngọc Khánh,Nguyễn Chí Thanh,Huỳnh Thúc Kháng,,,21.019851,105.808448,3
012526,Ba Đình,Ngọc Khánh,Nguyễn Chí Thanh,Nguyễn Công Hoan,,,21.027500,105.812312,2
012527,Ba Đình,Ngọc Khánh,Nguyễn Chí Thanh,Phạm Huy Thông ,,,21.026312,105.811716,3
012528,Ba Đình,Ngọc Khánh,Nguyễn Chí Thanh,Phạm Huy Thông ,,,21.028839,105.812259,1
012529,Ba Đình,Ngọc Khánh,Nguyễn Công Hoan,Ngọc Khánh,,,21.027161,105.817733,2
012530,Ba Đình,Ngọc Khánh,Nguyễn Công Hoan,Nguyễn Chí Thanh,,,21.027500,105.812312,2
012531,Ba Đình,Ngọc Khánh,Nguyễn Công Hoan,Nguyễn Công Hoan B,,,21.027155,105.815418,2
012532,Ba Đình,Ngọc Khánh,Nguyễn Công Hoan B,Nguyễn Công Hoan,,,21.027155,105.815418,2
012533,Ba Đình,Ngọc Khánh,Nguyên Hồng,Nguyễn Chí Thanh,,,21.025275,105.811511,3
013408,Ba Đình,Thành Công,Nguyên Hồng,Huỳnh Thúc Kháng,,,21.018159,105.811810,3
013409,Ba Đình,Thành Công,Nguyên Hồng,Thành Công,,,21.020360,105.812241,2
013410,Ba Đình,Thành Công,Nguyên Hồng,Đê La Thành,,,21.024753,105.811542,3
010427,Ba Đình,Trúc Bạch,Nguyễn Khắc Hiếu,Trần Tế Xương,,,21.045402,105.840980,1
010428,Ba Đình,Trúc Bạch,Nguyễn Khắc Hiếu,Ngũ Xã,,,21.046041,105.840902,1
010429,Ba Đình,Trúc Bạch,Nguyễn Khắc Hiếu,Trấn Vũ,,,21.044697,105.841085,1
010430,Ba Đình,Trúc Bạch,Nguyễn Khắc Hiếu,Mạc Đĩnh Chi,,,21.046557,105.840834,1
010431,Ba Đình,Trúc Bạch,Nguyễn Khắc Hiếu,Nam Tràng,,,21.047028,105.840769,1
011022,Ba Đình,Nguyễn Trung Trực,Nguyễn Khắc Nhu,Hàng Bún,,,21.043911,105.845771,2
011023,Ba Đình,Nguyễn Trung Trực,Nguyễn Khắc Nhu,Hàng Than,Phạm Hồng Thái,,21.043212,105.847124,2
010432,Ba Đình,Trúc Bạch,Nguyễn Khắc Nhu,Phó Đức Chính,Cửa Bắc,,21.045600,105.843339,3
011607,Ba Đình,Ngọc Hà,Nguyễn Phạm Tuân,Ông Ích Khiêm,,,21.033303,105.833555,1
011958,Ba Đình,Điện Biên,Nguyễn Thái Học,Điện Biên Phủ,,,21.028378,105.843114,2
011959,Ba Đình,Điện Biên,Nguyễn Thái Học,Cao Bá Quát,Văn Miếu,,21.030178,105.836997,2
011960,Ba Đình,Điện Biên,Nguyễn Thái Học,Chu Văn An,Tôn Đức Thắng,,21.030390,105.836007,3
011961,Ba Đình,Điện Biên,Nguyễn Thái Học,Hùng Vương,Hàng Cháo,,21.031024,105.834034,2
011962,Ba Đình,Điện Biên,Nguyễn Thái Học,Hoàng Diệu,,,21.029821,105.838432,2
011963,Ba Đình,Điện Biên,Nguyễn Thái Học,Lê Duẩn,,,21.028851,105.841527,3
011964,Ba Đình,Điện Biên,Nguyễn Thái Học,Lê Trực,Trịnh Hoài Đức,,21.031364,105.832742,2
012810,Ba Đình,Kim Mã,Nguyễn Thái Học,Giảng Võ,,,21.032083,105.829951,2
012811,Ba Đình,Kim Mã,Nguyễn Thái Học,Kim Mã,,,21.032391,105.828713,2
012812,Ba Đình,Kim Mã,Nguyễn Thái Học,Thanh Bảo,,,21.032092,105.830283,2
011024,Ba Đình,Nguyễn Trung Trực,Nguyễn Thiếp,Nguyễn Trung Trực,,,21.041260,105.848943,1
011025,Ba Đình,Nguyễn Trung Trực,Nguyễn Thiếp,Hàng Đậu,,,21.040470,105.849210,1
011965,Ba Đình,Điện Biên,Nguyễn Tri Phương,Điện Biên Phủ,,,21.031355,105.840417,2
011966,Ba Đình,Điện Biên,Nguyễn Tri Phương,Trần Phú,,,21.030825,105.840365,2
011325,Ba Đình,Quán Thánh,Nguyễn Tri Phương,Phan Đình Phùng,Cửa Bắc,,21.040651,105.842084,2
011326,Ba Đình,Quán Thánh,Nguyễn Tri Phương,Cửa Đông ,,,21.035667,105.841196,1
011026,Ba Đình,Nguyễn Trung Trực,Nguyễn Trung Trực,Hàng Than,,,21.040904,105.847502,2
011027,Ba Đình,Nguyễn Trung Trực,Nguyễn Trung Trực,Hồng Phúc,,,21.041098,105.848288,1
011028,Ba Đình,Nguyễn Trung Trực,Nguyễn Trung Trực,Nguyễn Thiếp,,,21.041260,105.848943,1
011029,Ba Đình,Nguyễn Trung Trực,Nguyễn Trường Tộ,Hàng Bún,,,21.042312,105.845221,2
011030,Ba Đình,Nguyễn Trung Trực,Nguyễn Trường Tộ,Hòe Nhai,Hàng Than,,21.041930,105.847217,2
011031,Ba Đình,Nguyễn Trung Trực,Nguyễn Trường Tộ,Phan Huy Ích,,,21.042162,105.846090,1
011327,Ba Đình,Quán Thánh,Nguyễn Trường Tộ,Châu Long,,,21.043551,105.842065,1
011328,Ba Đình,Quán Thánh,Nguyễn Trường Tộ,Cửa Bắc,,,21.043368,105.842776,2
010433,Ba Đình,Trúc Bạch,Nguyễn Trường Tộ,Trấn Vũ,Đặng Dung,,21.043679,105.841567,1
010434,Ba Đình,Trúc Bạch,Nguyễn Trường Tộ,Yên Ninh,,,21.042822,105.844244,2
010716,Ba Đình,Cống Vị,Nguyễn Văn Ngọc,Đào Tấn,,,21.032034,105.810837,2
010717,Ba Đình,Cống Vị,Nguyễn Văn Ngọc,Phan Kế Bính,,,21.034492,105.811661,3
012534,Ba Đình,Ngọc Khánh,Nguyễn Văn Ngọc,Kim Mã,,,21.029941,105.810589,2
013114,Ba Đình,Giảng Võ,Núi Trúc,Giảng Võ,,,21.027896,105.824722,2
013115,Ba Đình,Giảng Võ,Núi Trúc,Kim Mã,,,21.031178,105.821698,3
013116,Ba Đình,Giảng Võ,Núi Trúc,Nam Cao,,,21.030223,105.822449,2
011967,Ba Đình,Điện Biên,Ông Ích Khiêm,Chùa Một Cột,,,21.035370,105.833888,1
011968,Ba Đình,Điện Biên,Ông Ích Khiêm,Lê Hồng Phong,,,21.034259,105.833617,2
011969,Ba Đình,Điện Biên,Ông Ích Khiêm,Lê Trực,Trần Phú,,21.032189,105.833159,3
011970,Ba Đình,Điện Biên,Ông Ích Khiêm,Sơn Tây,,,21.032889,105.833394,1
011608,Ba Đình,Ngọc Hà,Ông Ích Khiêm,Nguyễn Phạm Tuân,,,21.033303,105.833555,1
011032,Ba Đình,Nguyễn Trung Trực,Phạm Hồng Thái,Hàng Bún,,,21.043400,105.845619,2
011033,Ba Đình,Nguyễn Trung Trực,Phạm Hồng Thái,Hàng Than,Nguyễn Khắc Nhu,,21.043212,105.847124,2
010435,Ba Đình,Trúc Bạch,Phạm Hồng Thái,Châu Long,,,21.044600,105.842343,1
010436,Ba Đình,Trúc Bạch,Phạm Hồng Thái,Cửa Bắc,,,21.044372,105.843060,2
010437,Ba Đình,Trúc Bạch,Phạm Hồng Thái,Yên Ninh,,,21.043763,105.844601,1
012501,Ba Đình,Ngọc Kháng,Phạm Huy Thông,Phạm Ngọc Thạch ,,,21.026312,105.811716,3
012502,Ba Đình,Ngọc Kháng,Phạm Huy Thông,Phạm Ngọc Thạch ,,,21.028839,105.812259,1
011329,Ba Đình,Quán Thánh,Phan Đình Phùng,Cửa Bắc,Nguyễn Tri Phương,,21.040651,105.842084,2
011330,Ba Đình,Quán Thánh,Phan Đình Phùng,Đặng Dung,,,21.040868,105.841038,1
011331,Ba Đình,Quán Thánh,Phan Đình Phùng,Đặng Tất,Nguyễn Cảnh Chân,,21.041394,105.837999,1
011332,Ba Đình,Quán Thánh,Phan Đình Phùng,Hàng Bún,,,21.040331,105.843836,2
011333,Ba Đình,Quán Thánh,Phan Đình Phùng,Hàng Đậu,Hàng Cót,,21.039903,105.847135,3
011334,Ba Đình,Quán Thánh,Phan Đình Phùng,Hoàng Diệu,Nguyễn Biểu,,21.040972,105.840052,2
011335,Ba Đình,Quán Thánh,Phan Đình Phùng,Hoàng Hoa Thám,Mai Xuân Thưởng,,21.041846,105.835080,3
011336,Ba Đình,Quán Thánh,Phan Đình Phùng,Hòe Nhai,,,21.040059,105.845352,3
011337,Ba Đình,Quán Thánh,Phan Đình Phùng,Hùng Vương,,,21.041652,105.836199,2
011338,Ba Đình,Quán Thánh,Phan Đình Phùng,Lý Nam Đế,,,21.039906,105.845967,2
011339,Ba Đình,Quán Thánh,Phan Đình Phùng,Phùng Hưng,,,21.039774,105.846729,2
011034,Ba Đình,Nguyễn Trung Trực,Phan Huy Ích,Nguyễn Trường Tộ,,,21.042162,105.846090,1
011340,Ba Đình,Quán Thánh,Phan Huy Ích,Quán Thánh,,,21.040737,105.845211,2
010718,Ba Đình,Cống Vị,Phan Kế Bính,Bưởi,,,21.036802,105.806949,2
010719,Ba Đình,Cống Vị,Phan Kế Bính,Linh Lang,,,21.034866,105.810359,3
010720,Ba Đình,Cống Vị,Phan Kế Bính,Nguyễn Văn Ngọc,,,21.034492,105.811661,3
010809,Ba Đình,Liễu Giai,Phan Kế Bính,Liễu Giai,Vạn Phúc,,21.033896,105.814029,3
011035,Ba Đình,Nguyễn Trung Trực,Phó Đức Chính,Hàng Bún,,,21.044425,105.845964,2
011036,Ba Đình,Nguyễn Trung Trực,Phó Đức Chính,Hàng Than,,,21.043623,105.847082,2
010438,Ba Đình,Trúc Bạch,Phó Đức Chính,Thanh Niên,,,21.049900,105.839279,3
010439,Ba Đình,Trúc Bạch,Phó Đức Chính,Châu Long,Ngũ Xã,,21.046469,105.842768,1
010440,Ba Đình,Trúc Bạch,Phó Đức Chính,Cửa Bắc,Nguyễn Khắc Nhu,,21.045600,105.843339,3
010107,Ba Đình,Phúc Xá,Phúc Xá,Án Xá,,,21.046067,105.849022,1
010810,Ba Đình,Liễu Giai,Quần Ngựa,Đốc Ngữ,,,21.041481,105.814010,2
010811,Ba Đình,Liễu Giai,Quần Ngựa,Văn Cao,,,21.041097,105.816084,2
011341,Ba Đình,Quán Thánh,Quán Thánh,Châu Long,,,21.042534,105.841838,1
011342,Ba Đình,Quán Thánh,Quán Thánh,Cửa Bắc,,,21.042374,105.842550,2
011343,Ba Đình,Quán Thánh,Quán Thánh,Đặng Dung,,,21.042619,105.841353,1
011344,Ba Đình,Quán Thánh,Quán Thánh,Đặng Tất,,,21.042740,105.838036,1
011345,Ba Đình,Quán Thánh,Quán Thánh,Hàng Bún,,,21.041229,105.844596,2
011346,Ba Đình,Quán Thánh,Quán Thánh,Hàng Cót,,,21.040270,105.847122,3
011347,Ba Đình,Quán Thánh,Quán Thánh,Hàng Than,,,21.040351,105.847608,1
011348,Ba Đình,Quán Thánh,Quán Thánh,Hòe Nhai,,,21.040513,105.845573,2
011349,Ba Đình,Quán Thánh,Quán Thánh,Hùng Vương,Thụy Khuê,,21.042687,105.836402,3
011350,Ba Đình,Quán Thánh,Quán Thánh,Nguyễn Biểu,,,21.042744,105.840150,2
011351,Ba Đình,Quán Thánh,Quán Thánh,Phan Huy Ích,,,21.040737,105.845211,1
011352,Ba Đình,Quán Thánh,Quán Thánh,Yên Ninh,,,21.042099,105.843814,1
011971,Ba Đình,Điện Biên,Sơn Tây,Lê Trực,,,21.032900,105.832902,1
011972,Ba Đình,Điện Biên,Sơn Tây,Ông Ích Khiêm,,,21.032889,105.833394,1
012813,Ba Đình,Kim Mã,Sơn Tây,Kim Mã,,,21.032481,105.828686,2
012814,Ba Đình,Kim Mã,Sơn Tây,Thanh Bảo,Ngọc Hà,,21.032961,105.831365,1
012815,Ba Đình,Kim Mã,Sơn Tây,Trần Phú,,,21.032759,105.830085,2
010108,Ba Đình,Phúc Xá,Tân Ấp,Hồng Hà,Yên Phụ,,21.045337,105.845777,1
010109,Ba Đình,Phúc Xá,Tân Ấp,Nghĩa Dũng,,,21.047524,105.847588,1
012816,Ba Đình,Kim Mã,Thanh Bảo,Ngọc Hà,Sơn Tây,,21.032961,105.831365,1
012817,Ba Đình,Kim Mã,Thanh Bảo,Nguyễn Thái Học,,,21.032092,105.830283,2
012818,Ba Đình,Kim Mã,Thanh Bảo,Trần Phú,,,21.032511,105.831400,2
013411,Ba Đình,Thành Công,Thành Công,Đê La Thành,,,21.023892,105.816397,3
013412,Ba Đình,Thành Công,Thành Công,Láng Hạ,,,21.019630,105.816936,2
013413,Ba Đình,Thành Công,Thành Công,Nguyên Hồng,,,21.020360,105.812241,2
011353,Ba Đình,Quán Thánh,Thanh Niên,Trấn Vũ,,,21.044019,105.836351,2
011354,Ba Đình,Quán Thánh,Thanh Niên,Thụy Khuê,,,21.042750,105.835974,2
010441,Ba Đình,Trúc Bạch,Thanh Niên,Yên Phụ,,,21.050609,105.840040,2
010442,Ba Đình,Trúc Bạch,Thanh Niên,Phó Đức Chính,,,21.049900,105.839279,3
010443,Ba Đình,Trúc Bạch,Thanh Niên,Trúc Bạch,,,21.049520,105.838963,1
011973,Ba Đình,Điện Biên,Tôn Thất Đàm,Điện Biên Phủ,Chu Văn An,Chùa Một Cột,21.034975,105.836843,2
011974,Ba Đình,Điện Biên,Tôn Thất Đàm,Bắc Sơn,,,21.035980,105.838074,1
011975,Ba Đình,Điện Biên,Tôn Thất Thiệp,Trần Phú,,,21.030314,105.842799,2
011976,Ba Đình,Điện Biên,Tôn Thất Thiệp,Lý Nam Đế,,,21.034050,105.844725,2
011977,Ba Đình,Điện Biên,Tôn Thất Thiệp,Điện Biên Phủ,,,21.029268,105.842539,3
013117,Ba Đình,Giảng Võ,Trần Huy Liệu,Giảng Võ,,,21.026442,105.823026,2
013118,Ba Đình,Giảng Võ,Trần Huy Liệu,Kim Mã,,,21.030810,105.819652,2
013119,Ba Đình,Giảng Võ,Trần Huy Liệu,Nam Cao,,,21.029143,105.821159,2
011978,Ba Đình,Điện Biên,Trần Phú,Chu Văn An,,,21.031582,105.836236,3
011979,Ba Đình,Điện Biên,Trần Phú,Điện Biên Phủ,,,21.030650,105.841138,3
011980,Ba Đình,Điện Biên,Trần Phú,Hoàng Diệu,,,21.031150,105.838655,2
011981,Ba Đình,Điện Biên,Trần Phú,Hùng Vương,,,21.032001,105.834192,3
011982,Ba Đình,Điện Biên,Trần Phú,Khúc Hạo,,,21.031483,105.837094,1
011983,Ba Đình,Điện Biên,Trần Phú,Lê Trực,Ông Ích Khiêm,,21.032189,105.833159,3
011984,Ba Đình,Điện Biên,Trần Phú,Tôn Thất Thiệp,,,21.030314,105.842799,2
011985,Ba Đình,Điện Biên,Trần Phú,Lý Nam Đế,,,21.030093,105.843887,2
011986,Ba Đình,Điện Biên,Trần Phú,Tống Duy Tân,,,21.029998,105.844335,2
011987,Ba Đình,Điện Biên,Trần Phú,Phùng Hưng,Hà Trung,,21.029973,105.844738,2
011988,Ba Đình,Điện Biên,Trần Phú,Nguyễn Tri Phương,,,21.030825,105.840365,2
012819,Ba Đình,Kim Mã,Trần Phú,Sơn Tây ,,,21.032759,105.830085,2
012820,Ba Đình,Kim Mã,Trần Phú,Thanh Bảo,,,21.032511,105.831400,2
010444,Ba Đình,Trúc Bạch,Trần Tế Xương,Nguyễn Khắc Hiếu,,,21.045402,105.840980,1
010445,Ba Đình,Trúc Bạch,Trần Tế Xương,Nam Tràng,,,21.045312,105.840634,1
010446,Ba Đình,Trúc Bạch,Trần Tế Xương,Lạc Chính,,,21.045481,105.841366,1
011355,Ba Đình,Quán Thánh,Trấn Vũ,Nguyễn Biểu,,,21.043315,105.840192,1
011356,Ba Đình,Quán Thánh,Trấn Vũ,Thanh Niên,,,21.044019,105.836351,2
010447,Ba Đình,Trúc Bạch,Trấn Vũ,Đặng Dung,Nguyễn Trường Tộ,,21.043679,105.841567,1
010448,Ba Đình,Trúc Bạch,Trấn Vũ,Lạc Chính,Nam Tràng,,21.047146,105.841124,1
010449,Ba Đình,Trúc Bạch,Trấn Vũ,Nguyễn Khắc Hiếu,,,21.044697,105.841085,1
010450,Ba Đình,Trúc Bạch,Trúc Bạch,Châu Long,,,21.044883,105.842370,1
010451,Ba Đình,Trúc Bạch,Trúc Bạch,Ngũ Xã,,,21.046316,105.842074,1
010452,Ba Đình,Trúc Bạch,Trúc Bạch,Thanh Niên,,,21.049520,105.838963,1
012821,Ba Đình,Kim Mã,Vạn Bảo,Kim Mã,,,21.030753,105.817272,3
010812,Ba Đình,Liễu Giai,Vạn Bảo,Đội Cấn,,,21.035549,105.817837,3
010813,Ba Đình,Liễu Giai,Vạn Bảo,Vạn Phúc,,,21.033170,105.816966,2
010814,Ba Đình,Liễu Giai,Văn Cao,Đội Cấn,,,21.037339,105.814822,3
010815,Ba Đình,Liễu Giai,Văn Cao,Hoàng Hoa Thám,,,21.042339,105.816603,2
010816,Ba Đình,Liễu Giai,Văn Cao,Quần Ngựa,,,21.041097,105.816084,2
010817,Ba Đình,Liễu Giai,Vạn Phúc,Liễu Giai,Phan Kế Bính,,21.033896,105.814029,3
010818,Ba Đình,Liễu Giai,Vạn Phúc,Vạn Bảo,,,21.033170,105.816966,2
010608,Ba Đình,Vĩnh Phúc,Vĩnh Phúc,Hoàng Hoa Thám,,,21.045894,105.811302,2
011357,Ba Đình,Quán Thánh,Yên Ninh,Quán Thánh,,,21.042099,105.843814,1
010453,Ba Đình,Trúc Bạch,Yên Ninh,Nguyễn Trường Tộ,,,21.042822,105.844244,2
010454,Ba Đình,Trúc Bạch,Yên Ninh,Phạm Hồng Thái,,,21.043763,105.844601,1
011037,Ba Đình,Nguyễn Trung Trực,Yên Phụ,Hàng Bún,,,21.044674,105.845961,2
011038,Ba Đình,Nguyễn Trung Trực,Yên Phụ,Hàng Đậu ,Trần Nhật Duật,,21.040731,105.849865,2
011039,Ba Đình,Nguyễn Trung Trực,Yên Phụ,Hàng Than,,,21.043650,105.847180,3
011040,Ba Đình,Nguyễn Trung Trực,Yên Phụ,Hòe Nhai,,,21.042379,105.848202,2
010110,Ba Đình,Phúc Xá,Yên Phụ,Hồng Hà,Tân Ấp,,21.045337,105.845777,1
010455,Ba Đình,Trúc Bạch,Yên Phụ,Cửa Bắc,,,21.046691,105.843725,2
010456,Ba Đình,Trúc Bạch,Yên Phụ,Thanh Niên,,,21.050609,105.840040,2
